Actual,Prediction
2342.0,2329.762
2353.0,2328.8682
2330.0,2327.6465
2297.0,2326.6802
2277.5,2325.024
2353.0,2342.8242
2330.0,2341.8987
2297.0,2340.6362
2277.5,2339.6372
2321.0,2337.9265
2330.0,2349.341
2297.0,2348.4043
2277.5,2347.1277
2321.0,2346.12
2276.0,2344.3855
2297.0,2348.3254
2277.5,2347.386
2321.0,2346.111
2276.0,2345.1064
2229.0,2343.378
2277.5,2327.1956
2321.0,2326.311
2276.0,2325.1106
2229.0,2324.1738
2230.5,2322.532
2321.0,2307.226
2276.0,2306.3857
2229.0,2305.2437
2230.5,2304.3608
2260.5,2302.7983
2276.0,2319.5244
2229.0,2318.65
2230.5,2317.4707
2260.5,2316.5586
2235.5,2314.9482
2229.0,2301.85
2230.5,2301.019
2260.5,2299.8896
2235.5,2299.0178
2269.0,2297.4731
2230.5,2277.7725
2260.5,2277.001
2235.5,2275.9473
2269.0,2275.1335
2312.0,2273.686
2260.5,2250.217
2235.5,2249.5054
2269.0,2248.537
2312.0,2247.8044
2300.0,2246.467
2235.5,2257.7117
2269.0,2256.9834
2312.0,2255.994
2300.0,2255.2422
2262.0,2253.875
2269.0,2251.7905
2312.0,2251.0781
2300.0,2250.106
2262.0,2249.3706
2202.0,2248.024
2312.0,2265.9958
2300.0,2265.2424
2262.0,2264.2217
2202.0,2263.456
2234.0,2262.0513
2300.0,2288.063
2262.0,2287.247
2202.0,2286.1562
2234.0,2285.3416
2236.0,2283.852
2262.0,2298.7588
2202.0,2297.9146
2234.0,2296.7908
2236.0,2295.9502
2242.0,2294.42
2202.0,2286.5754
2234.0,2285.7646
2236.0,2284.6804
2242.0,2283.877
2230.0,2282.395
2234.0,2247.5889
2236.0,2246.867
2242.0,2245.8994
2230.0,2245.1956
2255.0,2243.8699
2236.0,2241.3115
2242.0,2240.598
2230.0,2239.6477
2255.0,2238.9578
2281.0,2237.6572
2242.0,2237.282
2230.0,2236.5842
2255.0,2235.645
2281.0,2234.9587
2263.5,2233.669
2230.0,2250.1003
2255.0,2249.376
2281.0,2248.396
2263.5,2247.668
2216.0,2246.3254
2255.0,2240.375
2281.0,2239.6733
2263.5,2238.728
2216.0,2238.032
2172.0,2236.7305
2281.0,2248.2402
2263.5,2247.5159
2216.0,2246.5464
2172.0,2245.8345
2169.0,2244.5034
2263.5,2265.0298
2216.0,2264.268
2172.0,2263.252
2169.0,2262.506
2187.5,2261.1094
2216.0,2271.4238
2172.0,2270.647
2169.0,2269.609
2187.5,2268.8472
2221.0,2267.424
2172.0,2251.1714
2169.0,2250.44
2187.5,2249.4644
2221.0,2248.7554
2188.0,2247.4155
2169.0,2213.178
2187.5,2212.5356
2221.0,2211.6792
2188.0,2211.069
2193.5,2209.882
2187.5,2194.2837
2221.0,2193.6934
2188.0,2192.9016
2193.5,2192.3386
2200.0,2191.2273
2221.0,2194.3257
2188.0,2193.7393
2193.5,2192.948
2200.0,2192.3818
2197.0,2191.2666
2188.0,2215.0278
2193.5,2214.3938
2200.0,2213.5386
2197.0,2212.9172
2224.5,2211.718
2193.5,2206.4368
2200.0,2205.8218
2197.0,2204.994
2224.5,2204.397
2195.0,2203.2336
2200.0,2205.08
2197.0,2204.4668
2224.5,2203.649
2195.0,2203.067
2184.5,2201.9128
2197.0,2204.3066
2224.5,2203.6982
2195.0,2202.8906
2184.5,2202.3235
2157.0,2201.1755
2224.5,2211.7354
2195.0,2211.1091
2184.5,2210.2795
2157.0,2209.6946
2190.5,2208.518
2195.0,2226.9128
2184.5,2226.2473
2157.0,2225.3706
2190.5,2224.751
2132.5,2223.5132
2184.5,2218.9858
2157.0,2218.3367
2190.5,2217.4802
2132.5,2216.876
2116.0,2215.67
2157.0,2210.7827
2190.5,2210.1506
2132.5,2209.3203
2116.0,2208.7354
2151.5,2207.564
2190.5,2186.176
2132.5,2185.608
2116.0,2184.8564
2151.5,2184.3381
2141.5,2183.2637
2132.5,2198.2334
2116.0,2197.6375
2151.5,2196.8489
2141.5,2196.2964
2105.5,2195.1738
2116.0,2170.4412
2151.5,2169.9138
2141.5,2169.211
2105.5,2168.728
2096.5,2167.7144
2151.5,2152.8252
2141.5,2152.3362
2105.5,2151.6829
2096.5,2151.2412
2107.0,2150.2954
2141.5,2151.3284
2105.5,2150.843
2096.5,2150.1992
2107.0,2149.771
2102.5,2148.8325
2105.5,2151.8618
2096.5,2151.373
2107.0,2150.7231
2102.5,2150.2886
2093.0,2149.3467
2096.5,2137.463
2107.0,2137.0117
2102.5,2136.4097
2093.0,2136.0166
2103.5,2135.1316
2107.0,2119.935
2102.5,2119.5217
2093.0,2118.9734
2103.5,2118.6343
2086.0,2117.8193
2102.5,2118.345
2093.0,2117.9324
2103.5,2117.3926
2086.0,2117.0615
2096.0,2116.257
2093.0,2115.489
2103.5,2115.0847
2086.0,2114.5566
2096.0,2114.2368
2129.0,2113.4424
2103.5,2113.9668
2086.0,2113.5693
2096.0,2113.0457
2129.0,2112.731
2147.5,2111.9412
2086.0,2115.306
2096.0,2114.8987
2129.0,2114.371
2147.5,2114.058
2236.0,2113.2656
2096.0,2104.7725
2129.0,2104.3884
2147.5,2103.8945
2236.0,2103.611
2225.0,2102.8618
2129.0,2108.5225
2147.5,2108.1323
2236.0,2107.63
2225.0,2107.3413
2195.0,2106.5771
2147.5,2124.2776
2236.0,2123.8472
2225.0,2123.2947
2195.0,2122.9697
2169.5,2122.142
2236.0,2144.2397
2225.0,2143.756
2195.0,2143.1377
2169.5,2142.7593
2142.0,2141.8525
2225.0,2197.4788
2195.0,2196.8633
2169.5,2196.08
2142.0,2195.5706
2172.0,2194.452
2195.0,2218.5286
2169.5,2217.864
2142.0,2217.0127
2172.0,2216.447
2153.5,2215.2454
2169.5,2220.1917
2142.0,2219.5176
2172.0,2218.6567
2153.5,2218.082
2155.0,2216.876
2142.0,2196.3354
2172.0,2195.7192
2153.5,2194.9333
2155.0,2194.4236
2184.0,2193.313
2172.0,2177.1235
2153.5,2176.5557
2155.0,2175.8245
2184.0,2175.3496
2170.5,2174.3142
2153.5,2181.9458
2155.0,2181.3716
2184.0,2180.6282
2170.5,2180.1333
2176.0,2179.0762
2155.0,2173.9912
2184.0,2173.4436
2170.5,2172.7207
2176.0,2172.233
2161.5,2171.2021
2184.0,2175.0286
2170.5,2174.4792
2176.0,2173.754
2161.5,2173.256
2195.5,2172.2227
2170.5,2178.9087
2176.0,2178.353
2161.5,2177.6226
2195.5,2177.1245
2217.0,2176.0767
2176.0,2183.6096
2161.5,2183.05
2195.5,2182.3096
2217.0,2181.8
2176.5,2180.735
2161.5,2189.8826
2195.5,2189.3071
2217.0,2188.5518
2176.5,2188.0342
2147.0,2186.9463
2195.5,2181.7056
2217.0,2181.1475
2176.5,2180.415
2147.0,2179.922
2166.0,2178.8662
2217.0,2198.7979
2176.5,2198.1934
2147.0,2197.406
2166.0,2196.868
2178.0,2195.7458
2176.5,2211.8906
2147.0,2211.2534
2166.0,2210.424
2178.0,2209.8535
2143.0,2208.6772
2147.0,2206.3926
2166.0,2205.771
2178.0,2204.9543
2143.0,2204.3894
2153.0,2203.234
2166.0,2183.5903
2178.0,2183.0205
2143.0,2182.275
2153.0,2181.7705
2161.5,2180.707
2178.0,2176.3064
2143.0,2175.753
2153.0,2175.0298
2161.5,2174.5452
2127.0,2173.5103
2143.0,2184.6956
2153.0,2184.1267
2161.5,2183.3787
2127.0,2182.8674
2096.0,2181.7983
2153.0,2172.392
2161.5,2171.8538
2127.0,2171.1401
2096.0,2170.6553
2085.5,2169.6313
2161.5,2169.3762
2127.0,2168.8428
2096.0,2168.1375
2085.5,2167.662
2089.0,2166.651
2127.0,2166.6328
2096.0,2166.1035
2085.5,2165.4087
2089.0,2164.9436
2131.0,2163.9456
2096.0,2153.3806
2085.5,2152.8862
2089.0,2152.233
2131.0,2151.8003
2096.0,2150.854
2085.5,2130.5952
2089.0,2130.1565
2131.0,2129.5732
2096.0,2129.2031
2068.5,2128.3455
2089.0,2110.413
2131.0,2110.016
2096.0,2109.4912
2068.5,2109.1736
2121.5,2108.3965
2131.0,2102.089
2096.0,2101.7095
2068.5,2101.2107
2121.5,2100.9148
2129.0,2100.171
2096.0,2119.8506
2068.5,2119.4307
2121.5,2118.8784
2129.0,2118.5403
2119.5,2117.7231
2068.5,2114.6248
2121.5,2114.2195
2129.0,2113.6833
2119.5,2113.3591
2124.0,2112.563
2121.5,2098.4165
2129.0,2098.044
2119.5,2097.5598
2124.0,2097.2832
2116.5,2096.5552
2129.0,2109.0493
2119.5,2108.6511
2124.0,2108.141
2116.5,2107.8523
2140.5,2107.084
2119.5,2125.8303
2124.0,2125.3936
2116.5,2124.831
2140.5,2124.4976
2165.5,2123.6628
2124.0,2134.876
2116.5,2134.4158
2140.5,2133.8247
2165.5,2133.4678
2184.0,2132.5964
2116.5,2133.7407
2140.5,2133.2798
2165.5,2132.6895
2184.0,2132.34
2149.5,2131.4731
2140.5,2130.849
2165.5,2130.391
2184.0,2129.809
2149.5,2129.4636
2136.5,2128.6118
2165.5,2140.0366
2184.0,2139.5576
2149.5,2138.9495
2136.5,2138.5825
2158.0,2137.6929
2184.0,2159.285
2149.5,2158.7644
2136.5,2158.094
2158.0,2157.6753
2135.0,2156.7056
2149.5,2182.1226
2136.5,2181.5435
2158.0,2180.7993
2135.0,2180.317
2132.5,2179.258
2136.5,2170.6643
2158.0,2170.1113
2135.0,2169.4023
2132.5,2168.9478
2154.0,2167.935
2158.0,2161.7659
2135.0,2161.2402
2132.5,2160.5635
2154.0,2160.132
2153.0,2159.1567
2135.0,2163.6086
2132.5,2163.0796
2154.0,2162.398
2153.0,2161.9624
2156.5,2160.98
2132.5,2157.1235
2154.0,2156.6123
2153.0,2155.9478
2156.5,2155.5195
2192.5,2154.56
2154.0,2153.4038
2153.0,2152.9019
2156.5,2152.2458
2192.5,2151.8225
2155.5,2150.8757
2153.0,2156.1577
2156.5,2155.6482
2192.5,2154.984
2155.5,2154.5547
2165.0,2153.5967
2156.5,2160.61
2192.5,2160.091
2155.5,2159.4138
2165.0,2158.9697
2174.5,2157.9956
2192.5,2164.1155
2155.5,2163.5898
2165.0,2162.9038
2174.5,2162.4546
2202.0,2161.4653
2155.5,2184.334
2165.0,2183.7603
2174.5,2183.0117
2202.0,2182.5151
2166.5,2181.4456
2165.0,2177.2866
2174.5,2176.727
2202.0,2175.999
2166.5,2175.5176
2199.5,2174.4783
2174.5,2178.3345
2202.0,2177.7695
2166.5,2177.0376
2199.5,2176.5554
2182.5,2175.5117
2202.0,2178.4307
2166.5,2177.8677
2199.5,2177.1345
2182.5,2176.653
2195.0,2175.6077
2166.5,2198.818
2199.5,2198.202
2182.5,2197.401
2195.0,2196.8594
2196.0,2195.7327
2199.5,2186.7883
2182.5,2186.2039
2195.0,2185.4397
2196.0,2184.9268
2232.0,2183.8462
2182.5,2200.1677
2195.0,2199.5488
2196.0,2198.74
2232.0,2198.1912
2307.5,2197.0566
2195.0,2192.5718
2196.0,2191.9731
2232.0,2191.191
2307.5,2190.662
2286.5,2189.5603
2196.0,2201.3208
2232.0,2200.6997
2307.5,2199.8872
2286.5,2199.331
2257.0,2198.1924
2232.0,2201.4175
2307.5,2200.8008
2286.5,2199.9897
2257.0,2199.436
2231.0,2198.2957
2307.5,2222.555
2286.5,2221.8801
2257.0,2220.9963
2231.0,2220.3823
2195.5,2219.1572
2286.5,2266.8003
2257.0,2266.0178
2231.0,2264.9978
2195.5,2264.273
2208.0,2262.872
2257.0,2281.769
2231.0,2280.9514
2195.5,2279.8782
2208.0,2279.108
2193.0,2277.645
2231.0,2278.101
2195.5,2277.2898
2208.0,2276.226
2193.0,2275.463
2199.0,2274.017
2195.5,2251.3772
2208.0,2250.6277
2193.0,2249.6458
2199.0,2248.9539
2179.0,2247.615
2208.0,2227.8257
2193.0,2227.1375
2199.0,2226.2275
2179.0,2225.5837
2180.5,2224.3381
2193.0,2220.7542
2199.0,2220.0884
2179.0,2219.2017
2180.5,2218.5703
2176.0,2217.349
2199.0,2210.7334
2179.0,2210.0989
2180.5,2209.2422
2176.0,2208.6265
2161.5,2207.442
2179.0,2209.424
2180.5,2208.791
2176.0,2207.9385
2161.5,2207.3213
2148.5,2206.1428
2180.5,2191.7007
2176.0,2191.1155
2161.5,2190.3252
2148.5,2189.761
2176.5,2188.6538
2176.0,2190.8203
2161.5,2190.2407
2148.5,2189.4575
2176.5,2188.901
2150.5,2187.7988
2161.5,2184.4473
2148.5,2183.881
2176.5,2183.1208
2150.5,2182.5908
2152.0,2181.5151
2148.5,2177.8083
2176.5,2177.255
2150.5,2176.5125
2152.0,2176.0012
2144.5,2174.9517
2176.5,2166.6396
2150.5,2166.1099
2152.0,2165.402
2144.5,2164.9236
2146.5,2163.9194
2150.5,2173.333
2152.0,2172.7832
2144.5,2172.0552
2146.5,2171.564
2188.5,2170.533
2152.0,2165.7632
2144.5,2165.234
2146.5,2164.5308
2188.5,2164.0583
2202.5,2163.0583
2144.5,2164.266
2146.5,2163.7375
2188.5,2163.0383
2202.5,2162.5725
2170.5,2161.5781
2146.5,2154.9097
2188.5,2154.4043
2202.5,2153.7356
2170.5,2153.2993
2252.0,2152.3428
2188.5,2155.501
2202.5,2154.9902
2170.5,2154.318
2252.0,2153.8792
2235.0,2152.9211
2202.5,2174.0195
2170.5,2173.4648
2252.0,2172.738
2235.0,2172.2578
2230.5,2171.2253
2170.5,2192.3774
2252.0,2191.7766
2235.0,2190.988
2230.5,2190.4583
2218.0,2189.3513
2252.0,2188.8733
2235.0,2188.2788
2230.5,2187.5015
2218.0,2186.9797
2219.5,2185.8892
2235.0,2220.1924
2230.5,2219.5164
2218.0,2218.6409
2219.5,2218.0476
2254.0,2216.8323
2230.5,2229.3682
2218.0,2228.6738
2219.5,2227.768
2254.0,2227.146
2241.0,2225.8945
2218.0,2240.2354
2219.5,2239.5093
2254.0,2238.5635
2241.0,2237.9058
2258.5,2236.6099
2219.5,2227.4275
2254.0,2226.7358
2241.0,2225.831
2258.5,2225.21
2228.0,2223.964
2254.0,2229.2783
2241.0,2228.5796
2258.5,2227.6643
2228.0,2227.0264
2205.5,2225.775
2241.0,2242.5137
2258.5,2241.788
2228.0,2240.838
2205.5,2240.1663
2220.5,2238.8613
2258.5,2246.2861
2228.0,2245.5588
2205.5,2244.5928
2220.5,2243.9019
2194.0,2242.5774
2228.0,2260.6892
2205.5,2259.9265
2220.5,2258.9172
2194.0,2258.1863
2205.0,2256.8074
2205.5,2241.6978
2220.5,2240.9805
2194.0,2240.0308
2205.0,2239.3506
2182.5,2238.0474
2220.5,2231.0151
2194.0,2230.3298
2205.0,2229.4167
2182.5,2228.76
2165.0,2227.5007
2194.0,2225.3784
2205.0,2224.707
2182.5,2223.8125
2165.0,2223.1748
2192.0,2221.9368
2205.0,2214.3093
2182.5,2213.666
2165.0,2212.8025
2192.0,2212.1853
2201.5,2210.9895
2182.5,2215.99
2165.0,2215.3433
2192.0,2214.4785
2201.5,2213.8572
2194.5,2212.6558
2165.0,2199.2886
2192.0,2198.685
2201.5,2197.8745
2194.5,2197.2993
2183.0,2196.1638
2192.0,2189.7158
2201.5,2189.1372
2194.5,2188.3596
2183.0,2187.8086
2179.0,2186.7136
2201.5,2190.1768
2194.5,2189.5955
2183.0,2188.8193
2179.0,2188.277
2177.0,2187.18
2194.5,2200.7192
2183.0,2200.1133
2179.0,2199.3027
2177.0,2198.733
2164.5,2197.5928
2183.0,2204.1572
2179.0,2203.538
2177.0,2202.715
2164.5,2202.1377
2178.0,2200.9846
2179.0,2195.066
2177.0,2194.465
2164.5,2193.6687
2178.0,2193.12
2157.5,2192.003
2177.0,2190.5603
2164.5,2189.9685
2178.0,2189.186
2157.5,2188.6504
2147.5,2187.5527
2164.5,2185.0117
2178.0,2184.4304
2157.5,2183.664
2147.5,2183.144
2148.5,2182.0679
2178.0,2178.8308
2157.5,2178.266
2147.5,2177.5168
2148.5,2177.0103
2121.5,2175.9565
2157.5,2181.9224
2147.5,2181.347
2148.5,2180.586
2121.5,2180.0708
2117.5,2179.005
2147.5,2170.3228
2148.5,2169.7744
2121.5,2169.0488
2117.5,2168.5625
2099.0,2167.5425
2148.5,2163.3767
2121.5,2162.8481
2117.5,2162.1475
2099.0,2161.6797
2111.0,2160.688
2121.5,2156.5815
2117.5,2156.0708
2099.0,2155.3938
2111.0,2154.9487
2082.5,2153.9844
2117.5,2142.674
2099.0,2142.1958
2111.0,2141.5605
2082.5,2141.149
2090.5,2140.24
2099.0,2133.267
2111.0,2132.811
2082.5,2132.207
2090.5,2131.8232
2083.0,2130.9517
2111.0,2116.8008
2082.5,2116.3848
2090.5,2115.8318
2083.0,2115.4924
2137.0,2114.6858
2082.5,2118.5874
2090.5,2118.1663
2083.0,2117.6099
2137.0,2117.2678
2196.0,2116.4556
2090.5,2100.9126
2083.0,2100.5344
2137.0,2100.0344
2196.0,2099.7417
2213.0,2098.999
2083.0,2101.7415
2137.0,2101.3608
2196.0,2100.8604
2213.0,2100.5686
2215.5,2099.8237
2137.0,2092.117
2196.0,2091.7576
2213.0,2091.2883
2215.5,2091.0283
2192.0,2090.3225
2196.0,2119.767
2213.0,2119.3381
2215.5,2118.7837
2192.0,2118.457
2180.0,2117.6416
2213.0,2160.4597
2215.5,2159.9324
2192.0,2159.2534
2180.0,2158.829
2234.5,2157.852
2215.5,2194.6318
2192.0,2194.0164
2180.0,2193.225
2234.5,2192.711
2293.5,2191.598
2192.0,2210.5596
2180.0,2209.901
2234.5,2209.059
2293.5,2208.5088
2313.5,2207.335
2180.0,2203.7583
2234.5,2203.1135
2293.5,2202.2905
2313.5,2201.7578
2335.5,2200.6125
2234.5,2198.103
2293.5,2197.474
2313.5,2196.669
2335.5,2196.1448
2336.5,2195.0234
2293.5,2218.6519
2313.5,2217.9736
2335.5,2217.1006
2336.5,2216.517
2255.5,2215.3096
2313.5,2261.397
2335.5,2260.6177
2336.5,2259.6047
2255.5,2258.8962
2235.5,2257.5146
2335.5,2293.934
2336.5,2293.0757
2255.5,2291.957
2235.5,2291.1533
2215.5,2289.6409
2336.5,2317.1274
2255.5,2316.2153
2235.5,2315.0244
2215.5,2314.1597
2205.5,2312.556
2255.5,2328.332
2235.5,2327.3953
2215.5,2326.171
2205.5,2325.2766
2200.0,2323.6309
2235.5,2296.8613
2215.5,2296.0051
2205.5,2294.8784
2200.0,2294.0574
2204.0,2292.538
2215.5,2270.2732
2205.5,2269.484
2200.0,2268.4377
2204.0,2267.6792
2203.0,2266.2627
2205.5,2241.7693
2200.0,2241.0518
2204.0,2240.0903
2203.0,2239.392
2175.0,2238.0862
2200.0,2227.7256
2204.0,2227.045
2203.0,2226.1248
2175.0,2225.446
2153.0,2224.1929
2204.0,2213.3408
2203.0,2212.7056
2175.0,2211.8364
2153.0,2211.1938
2158.5,2209.995
2203.0,2210.059
2175.0,2209.4346
2153.0,2208.5776
2158.5,2207.9446
2142.0,2206.7595
2175.0,2206.6045
2153.0,2205.9888
2158.5,2205.1514
2142.0,2204.538
2130.5,2203.3706
2153.0,2191.9695
2158.5,2191.3906
2142.0,2190.6016
2130.5,2190.0366
2122.0,2188.9277
2158.5,2177.8008
2142.0,2177.255
2130.5,2176.514
2122.0,2175.9949
2110.0,2174.945
2142.0,2168.5063
2130.5,2167.974
2122.0,2167.26
2110.0,2166.7725
2145.0,2165.76
2130.5,2158.666
2122.0,2158.157
2110.0,2157.4739
2145.0,2157.012
2207.5,2156.0386
2122.0,2148.8176
2110.0,2148.3306
2145.0,2147.677
2207.5,2147.2422
2188.5,2146.3071
2110.0,2137.23
2145.0,2136.7703
2207.5,2136.1553
2188.5,2135.7554
2212.0,2134.8677
2145.0,2126.514
2207.5,2126.0786
2188.5,2125.499
2212.0,2125.13
2214.0,2124.2861
2207.5,2138.7256
2188.5,2138.2617
2212.0,2137.6492
2214.0,2137.2576
2226.5,2136.366
2188.5,2177.0183
2212.0,2176.461
2214.0,2175.73
2226.5,2175.246
2232.0,2174.2017
2212.0,2191.6328
2214.0,2191.0383
2226.5,2190.2612
2232.0,2189.7397
2212.5,2188.6396
2214.0,2208.3638
2226.5,2207.7222
2232.0,2206.8923
2212.5,2206.3352
2209.5,2205.17
2226.5,2212.3691
2232.0,2211.717
2212.5,2210.875
2209.5,2210.312
2183.5,2209.1328
2232.0,2227.5806
2212.5,2226.8877
2209.5,2225.9932
2183.5,2225.384
2184.5,2224.1443
2212.5,2233.867
2209.5,2233.1616
2183.5,2232.246
2184.5,2231.6182
2195.5,2230.3503
2209.5,2230.4148
2183.5,2229.7166
2184.5,2228.8032
2195.5,2228.1704
2214.5,2226.9143
2183.5,2222.959
2184.5,2222.2773
2195.5,2221.3872
2214.5,2220.768
2180.5,2219.5425
2184.5,2202.6604
2195.5,2202.0327
2214.5,2201.204
2180.5,2200.6309
2188.0,2199.4832
2195.5,2198.7761
2214.5,2198.163
2180.5,2197.3477
2188.0,2196.779
2204.0,2195.646
2214.5,2196.4314
2180.5,2195.8237
2188.0,2195.0146
2204.0,2194.4521
2194.0,2193.3267
2180.5,2209.115
2188.0,2208.4775
2204.0,2207.628
2194.0,2207.0298
2205.0,2205.853
2188.0,2196.7705
2204.0,2196.1636
2194.0,2195.3535
2205.0,2194.7883
2203.0,2193.6611
2204.0,2194.826
2194.0,2194.222
2205.0,2193.419
2203.0,2192.8638
2185.0,2191.745
2194.0,2198.8994
2205.0,2198.2866
2203.0,2197.4746
2185.0,2196.9153
2147.5,2195.7825
2205.0,2201.422
2203.0,2200.8022
2185.0,2199.9805
2147.5,2199.4116
2211.5,2198.268
2203.0,2207.8193
2185.0,2207.1846
2147.5,2206.3447
2211.5,2205.7625
2178.5,2204.5933
2185.0,2207.329
2147.5,2206.6934
2211.5,2205.8528
2178.5,2205.2715
2157.0,2204.1045
2147.5,2200.6675
2211.5,2200.0474
2178.5,2199.2292
2157.0,2198.6633
2140.5,2197.525
2211.5,2176.039
2178.5,2175.4822
2157.0,2174.743
2140.5,2174.2422
2146.0,2173.2012
2178.5,2197.396
2157.0,2196.787
2140.5,2195.9822
2146.0,2195.4287
2130.0,2194.3022
2157.0,2189.6885
2140.5,2189.0999
2146.0,2188.3188
2130.0,2187.7815
2163.0,2186.6858
2140.5,2183.6218
2146.0,2183.048
2130.0,2182.286
2163.0,2181.7607
2183.5,2180.6887
2146.0,2160.8193
2130.0,2160.304
2163.0,2159.6184
2183.5,2159.162
2182.5,2158.1826
2130.0,2157.758
2163.0,2157.2463
2183.5,2156.569
2182.5,2156.1177
2191.5,2155.152
2163.0,2146.9504
2183.5,2146.4695
2182.5,2145.831
2191.5,2145.4111
2187.5,2144.4878
2183.5,2160.6252
2182.5,2160.1099
2191.5,2159.425
2187.5,2158.9714
2210.0,2157.9902
2182.5,2175.3562
2191.5,2174.8008
2187.5,2174.0693
2210.0,2173.5798
2209.0,2172.5422
2191.5,2182.7412
2187.5,2182.1636
2210.0,2181.4082
2209.0,2180.9016
2202.0,2179.8352
2187.5,2191.4988
2210.0,2190.9033
2209.0,2190.1245
2202.0,2189.6025
2213.5,2188.5022
2210.0,2193.8887
2209.0,2193.2837
2202.0,2192.4958
2213.5,2191.9697
2224.0,2190.8616
2209.0,2208.518
2202.0,2207.8767
2213.5,2207.0444
2224.0,2206.4812
2205.0,2205.316
2202.0,2213.6938
2213.5,2213.0425
2224.0,2212.1934
2205.0,2211.6145
2218.5,2210.4272
2213.5,2217.2012
2224.0,2216.5422
2205.0,2215.6807
2218.5,2215.0854
2224.5,2213.8848
2224.0,2218.8657
2205.0,2218.2026
2218.5,2217.3374
2224.5,2216.738
2202.5,2215.531
2205.0,2226.9678
2218.5,2226.2898
2224.5,2225.4004
2202.5,2224.7766
2231.5,2223.537
2218.5,2224.045
2224.5,2223.3782
2202.5,2222.5
2231.5,2221.88
2264.0,2220.6523
2224.5,2227.4155
2202.5,2226.7407
2231.5,2225.8516
2264.0,2225.2231
2246.5,2223.9814
2202.5,2230.7612
2231.5,2230.0793
2264.0,2229.1802
2246.5,2228.5413
2267.5,2227.2869
2231.5,2223.1733
2264.0,2222.5088
2246.5,2221.6301
2267.5,2221.0054
2275.5,2219.7803
2264.0,2230.8696
2246.5,2230.1855
2267.5,2229.2808
2275.5,2228.638
2238.0,2227.38
2246.5,2250.261
2267.5,2249.5288
2275.5,2248.5613
2238.0,2247.8672
2270.0,2246.5317
2267.5,2255.063
2275.5,2254.3171
2238.0,2253.3315
2270.0,2252.6196
2322.5,2251.2646
2275.5,2264.9282
2238.0,2264.1577
2270.0,2263.1406
2322.5,2262.407
2334.0,2261.0117
2238.0,2271.5784
2270.0,2270.7898
2322.5,2269.7488
2334.0,2268.9966
2394.5,2267.5752
2270.0,2260.1626
2322.5,2259.3997
2334.0,2258.3914
2394.5,2257.6614
2391.0,2256.286
2322.5,2267.0996
2334.0,2266.3215
2394.5,2265.292
2391.0,2264.5461
2417.0,2263.1406
2334.0,2296.669
2394.5,2295.821
2391.0,2294.6978
2417.0,2293.872
2403.0,2292.3484
2394.5,2322.2412
2391.0,2321.3306
2417.0,2320.126
2403.0,2319.2258
2429.0,2317.6008
2391.0,2363.147
2417.0,2362.141
2403.0,2360.8127
2429.0,2359.8123
2410.5,2358.024
2417.0,2381.893
2403.0,2380.8452
2429.0,2379.4585
2410.5,2378.4077
2443.0,2376.5479
2403.0,2408.099
2429.0,2406.9841
2410.5,2405.5166
2443.0,2404.396
2520.5,2402.435
2429.0,2408.1157
2410.5,2407.0078
2443.0,2405.5415
2520.5,2404.4204
2512.0,2402.458
2410.5,2429.3652
2443.0,2428.2046
2520.5,2426.6653
2512.0,2425.4756
2581.0,2423.4272
2443.0,2422.9082
2520.5,2421.7659
2512.0,2420.2463
2581.0,2419.0645
2600.0,2417.041
2520.5,2440.4048
2512.0,2439.2234
2581.0,2437.6455
2600.0,2436.4055
2645.5,2434.3096
2512.0,2481.8096
2581.0,2480.5327
2600.0,2478.8267
2645.5,2477.4768
2654.0,2475.215
2581.0,2502.4927
2600.0,2501.1675
2645.5,2499.3906
2654.0,2497.9746
2585.0,2495.6284
2600.0,2548.6482
2645.5,2547.211
2654.0,2545.29
2585.0,2543.7554
2585.5,2541.2256
2645.5,2571.8022
2654.0,2570.308
2585.0,2568.3105
2585.5,2566.7158
2586.5,2564.0935
2654.0,2617.8765
2585.0,2616.2666
2585.5,2614.1182
2586.5,2612.393
2559.5,2609.5881
2585.0,2634.9521
2585.5,2633.3032
2586.5,2631.0996
2559.5,2629.3276
2536.5,2626.452
2585.5,2619.4905
2586.5,2617.8838
2559.5,2615.7205
2536.5,2613.9668
2545.0,2611.1523
2586.5,2604.0884
2559.5,2602.52
2536.5,2600.4075
2545.0,2598.6865
2554.5,2595.9346
2559.5,2591.6182
2536.5,2590.0908
2545.0,2588.0166
2554.5,2586.3147
2510.0,2583.6084
2536.5,2584.917
2545.0,2583.4182
2554.5,2581.3667
2510.0,2579.662
2517.0,2576.9807
2545.0,2561.3267
2554.5,2559.8901
2510.0,2557.9146
2517.0,2556.2678
2512.5,2553.6775
2554.5,2554.2002
2510.0,2552.7864
2517.0,2550.8364
2512.5,2549.206
2488.0,2546.6453
2510.0,2553.7676
2517.0,2552.3564
2512.5,2550.4136
2488.0,2548.788
2494.0,2546.2312
2517.0,2535.5046
2512.5,2534.145
2488.0,2532.2634
2494.0,2530.6897
2515.0,2528.204
2512.5,2531.4958
2488.0,2530.143
2494.0,2528.2754
2515.0,2526.7197
2510.0,2524.2515
2488.0,2520.3718
2494.0,2519.039
2515.0,2517.2065
2510.0,2515.6865
2477.5,2513.2646
2494.0,2509.9236
2515.0,2508.6167
2510.0,2506.8179
2477.5,2505.3247
2529.5,2502.9446
2515.0,2504.7314
2510.0,2503.438
2477.5,2501.6577
2529.5,2500.1855
2538.5,2497.8252
2510.0,2512.0203
2477.5,2510.704
2529.5,2508.898
2538.5,2507.4092
2544.0,2505.0203
2477.5,2514.8694
2529.5,2513.5435
2538.5,2511.7295
2544.0,2510.2349
2568.0,2507.836
2529.5,2500.2468
2538.5,2498.958
2544.0,2497.1917
2568.0,2495.7397
2645.0,2493.399
2538.5,2517.6646
2544.0,2516.3289
2568.0,2514.5076
2645.0,2513.0176
2625.0,2510.6084
2544.0,2528.0457
2568.0,2526.6812
2645.0,2524.8257
2625.0,2523.3096
2551.0,2520.8594
2568.0,2544.2324
2645.0,2542.8276
2625.0,2540.9185
2551.0,2539.3572
2599.0,2536.841
2645.0,2557.4766
2625.0,2556.0376
2551.0,2554.0864
2599.0,2552.4966
2653.0,2549.9277
2625.0,2602.5237
2551.0,2600.9663
2599.0,2598.8667
2653.0,2597.1587
2695.0,2594.4106
2551.0,2616.3784
2599.0,2614.7905
2653.0,2612.6475
2695.0,2610.8997
2665.5,2608.0964
2599.0,2592.5781
2653.0,2591.0518
2695.0,2588.9805
2665.5,2587.287
2677.0,2584.5781
2653.0,2595.0044
2695.0,2593.4688
2665.5,2591.391
2677.0,2589.6943
2625.0,2586.978
2695.0,2619.947
2665.5,2618.3496
2677.0,2616.1895
2625.0,2614.418
2603.0,2611.5996
2665.5,2665.6235
2677.0,2663.9224
2625.0,2661.6152
2603.0,2659.711
2577.0,2656.705
2677.0,2668.6914
2625.0,2666.9858
2603.0,2664.665
2577.0,2662.7478
2587.0,2659.7275
2625.0,2674.528
2603.0,2672.8018
2577.0,2670.46
2587.0,2668.525
2578.5,2665.4868
2603.0,2644.6292
2577.0,2642.9824
2587.0,2640.7437
2578.5,2638.8877
2515.5,2635.9717
2577.0,2630.0312
2587.0,2628.4307
2578.5,2626.2383
2515.5,2624.4124
2475.0,2621.5508
2587.0,2605.54
2578.5,2604.004
2515.5,2601.8887
2475.0,2600.1206
2476.0,2597.355
2578.5,2598.2344
2515.5,2596.71
2475.0,2594.6108
2476.0,2592.8496
2498.0,2590.1113
2515.5,2587.6963
2475.0,2586.2065
2476.0,2584.1484
2498.0,2582.4136
2465.5,2579.7173
2475.0,2554.9722
2476.0,2553.569
2498.0,2551.6172
2465.5,2549.9668
2420.5,2547.4004
2476.0,2517.5386
2498.0,2516.229
2465.5,2514.4033
2420.5,2512.86
2427.5,2510.4468
2498.0,2493.7742
2465.5,2492.5195
2420.5,2490.772
2427.5,2489.3018
2445.0,2486.984
2465.5,2500.0605
2420.5,2498.792
2427.5,2497.0278
2445.0,2495.5464
2461.0,2493.2031
2420.5,2487.4663
2427.5,2486.2256
2445.0,2484.4993
2461.0,2483.0547
2452.5,2480.7598
2427.5,2459.5635
2445.0,2458.3853
2461.0,2456.7466
2452.5,2455.3816
2454.5,2453.2002
2445.0,2441.607
2461.0,2440.4658
2452.5,2438.8887
2454.5,2437.585
2451.5,2435.479
2461.0,2444.443
2452.5,2443.2964
2454.5,2441.7144
2451.5,2440.4124
2444.0,2438.2957
2452.5,2460.2798
2454.5,2459.0933
2451.5,2457.4614
2444.0,2456.123
2458.5,2453.9414
2454.5,2461.8323
2451.5,2460.6345
2444.0,2458.9934
2458.5,2457.6562
2485.5,2455.4685
2451.5,2461.7312
2444.0,2460.525
2458.5,2458.8828
2485.5,2457.5513
2496.5,2455.3672
2444.0,2457.5007
2458.5,2456.3042
2485.5,2454.6787
2496.5,2453.3652
2489.5,2451.1997
2458.5,2456.6487
2485.5,2455.4565
2496.5,2453.8335
2489.5,2452.5234
2487.0,2450.3604
2485.5,2462.939
2496.5,2461.7285
2489.5,2460.0835
2487.0,2458.7573
2493.5,2456.5686
2496.5,2477.522
2489.5,2476.2715
2487.0,2474.5771
2493.5,2473.2114
2495.5,2470.9639
2489.5,2491.562
2487.0,2490.277
2493.5,2488.5383
2495.5,2487.1333
2475.5,2484.83
2487.0,2495.064
2493.5,2493.772
2495.5,2492.0225
2475.5,2490.6086
2468.5,2488.2913
2493.5,2495.0903
2495.5,2493.7986
2475.5,2492.0493
2468.5,2490.6365
2432.0,2488.3203
2495.5,2497.2305
2475.5,2495.9321
2468.5,2494.1758
2432.0,2492.7568
2428.5,2490.4326
2475.5,2500.9233
2468.5,2499.6182
2432.0,2497.8489
2428.5,2496.4165
2422.0,2494.0762
2468.5,2494.0527
2432.0,2492.7659
2428.5,2491.0166
2422.0,2489.5967
2404.0,2487.2827
2432.0,2485.3574
2428.5,2484.0916
2422.0,2482.3691
2404.0,2480.969
2377.0,2478.69
2428.5,2461.5046
2422.0,2460.3013
2404.0,2458.6567
2377.0,2457.316
2363.0,2455.1328
2422.0,2450.0562
2404.0,2448.884
2377.0,2447.2788
2363.0,2445.9668
2335.0,2443.829
2404.0,2438.6436
2377.0,2437.503
2363.0,2435.9363
2335.0,2434.6558
2312.0,2432.5625
2377.0,2427.9575
2363.0,2426.8428
2335.0,2425.309
2312.0,2424.0542
2259.0,2422.0034
2363.0,2406.4
2335.0,2405.3381
2312.0,2403.876
2259.0,2402.6821
2264.0,2400.718
2335.0,2388.4482
2312.0,2387.43
2259.0,2386.0261
2264.0,2384.8843
2266.0,2382.9927
2312.0,2365.8574
2259.0,2364.894
2264.0,2363.564
2266.0,2362.4854
2218.5,2360.6846
2259.0,2343.3584
2264.0,2342.4473
2266.0,2341.1875
2218.5,2340.1714
2229.0,2338.4595
2264.0,2304.6528
2266.0,2303.833
2218.5,2302.6924
2229.0,2301.779
2203.5,2300.2207
2266.0,2287.424
2218.5,2286.6406
2229.0,2285.5542
2203.5,2284.6917
2161.5,2283.2024
2218.5,2277.0107
2229.0,2276.2527
2203.5,2275.2021
2161.5,2274.375
2252.0,2272.9268
2229.0,2254.2168
2203.5,2253.5115
2161.5,2252.5298
2252.0,2251.7632
2228.5,2250.405
2203.5,2244.9846
2161.5,2244.297
2252.0,2243.349
2228.5,2242.621
2214.5,2241.3018
2161.5,2224.283
2252.0,2223.6416
2228.5,2222.7588
2214.5,2222.0933
2167.0,2220.858
2252.0,2200.6208
2228.5,2200.0337
2214.5,2199.2266
2167.0,2198.6265
2205.0,2197.4873
2228.5,2227.0396
2214.5,2226.3843
2167.0,2225.499
2205.0,2224.849
2202.5,2223.6035
2214.5,2233.123
2167.0,2232.4524
2205.0,2231.5452
2202.5,2230.8784
2204.5,2229.6094
2167.0,2237.1853
2205.0,2236.497
2202.5,2235.5781
2204.5,2234.904
2263.0,2233.6218
2205.0,2198.849
2202.5,2198.2524
2204.5,2197.453
2263.0,2196.8909
2268.0,2195.7605
2202.5,2209.1313
2204.5,2208.5024
2263.0,2207.6677
2268.0,2207.0781
2256.5,2205.9097
2204.5,2205.3945
2263.0,2204.7754
2268.0,2203.9548
2256.5,2203.379
2299.0,2202.2236
2263.0,2216.8264
2268.0,2216.1816
2256.5,2215.3196
2299.0,2214.7068
2301.0,2213.5017
2268.0,2245.346
2256.5,2244.6296
2299.0,2243.6843
2301.0,2243.0059
2293.5,2241.6914
2256.5,2259.5273
2299.0,2258.7734
2301.0,2257.7827
2293.5,2257.0676
2369.5,2255.698
2299.0,2269.2505
2301.0,2268.4797
2293.5,2267.4644
2369.5,2266.7256
2435.0,2265.3193
2301.0,2286.205
2293.5,2285.3872
2369.5,2284.314
2435.0,2283.5386
2443.0,2282.0627
2293.5,2301.8794
2369.5,2301.0227
2435.0,2299.898
2443.0,2299.075
2471.0,2297.539
2369.5,2305.9688
2435.0,2305.0994
2443.0,2303.9585
2471.0,2303.1187
2499.0,2301.565
2435.0,2342.3901
2443.0,2341.437
2471.0,2340.1826
2499.0,2339.2485
2520.0,2337.5474
2443.0,2393.8872
2471.0,2392.8062
2499.0,2391.3845
2520.0,2390.3076
2479.5,2388.4014
2471.0,2427.1694
2499.0,2426.008
2520.0,2424.4792
2479.5,2423.3076
2437.5,2421.268
2499.0,2455.0288
2520.0,2453.8027
2479.5,2452.1848
2437.5,2450.941
2463.5,2448.7896
2520.0,2480.7622
2479.5,2479.4707
2437.5,2477.768
2463.5,2476.4517
2390.5,2474.2002
2479.5,2505.6348
2437.5,2504.2832
2463.5,2502.4995
2390.5,2501.1074
2382.0,2498.756
2437.5,2499.7998
2463.5,2498.4727
2390.5,2496.7039
2382.0,2495.3123
2367.5,2492.98
2463.5,2477.1982
2390.5,2475.9287
2382.0,2474.2266
2367.5,2472.8762
2366.0,2470.6338
2390.5,2469.4023
2382.0,2468.1543
2367.5,2466.4778
2366.0,2465.1387
2368.0,2462.927
2382.0,2433.5845
2367.5,2432.44
2366.0,2430.8787
2368.0,2429.615
2318.0,2427.5427
2367.5,2416.648
2366.0,2415.5518
2368.0,2414.0454
2318.0,2412.8184
2323.0,2410.811
2366.0,2387.373
2368.0,2386.35
2318.0,2384.936
2323.0,2383.7866
2354.5,2381.8945
2368.0,2381.5234
2318.0,2380.5134
2323.0,2379.1177
2354.5,2377.979
2390.5,2376.1108
2318.0,2374.827
2323.0,2373.8394
2354.5,2372.475
2390.5,2371.3672
2405.0,2369.526
2323.0,2351.9395
2354.5,2351.0078
2390.5,2349.7134
2405.0,2348.6682
2505.0,2346.918
2354.5,2341.2295
2390.5,2340.3145
2405.0,2339.0566
2505.0,2338.0508
2505.5,2336.3477
2390.5,2344.581
2405.0,2343.6548
2505.0,2342.3877
2505.5,2341.3857
2520.0,2339.668
2405.0,2377.1558
2505.0,2376.152
2505.5,2374.7852
2520.0,2373.7012
2523.0,2371.8545
2505.0,2396.2751
2505.5,2395.2183
2520.0,2393.7905
2523.0,2392.6646
2477.0,2390.7417
2505.5,2454.4932
2520.0,2453.2852
2523.0,2451.6704
2477.0,2450.4016
2455.0,2448.248
2520.0,2482.3867
2523.0,2481.1084
2477.0,2479.4048
2455.0,2478.0654
2542.0,2475.8035
2523.0,2510.5361
2477.0,2509.1836
2455.0,2507.3855
2542.0,2505.9707
2512.0,2503.5962
2477.0,2518.2524
2455.0,2516.8828
2542.0,2515.0598
2512.0,2513.627
2560.0,2511.222
2455.0,2505.4854
2542.0,2504.1438
2512.0,2502.3523
2560.0,2500.933
2609.5,2498.5798
2542.0,2484.6533
2512.0,2483.3696
2560.0,2481.646
2609.5,2480.271
2611.0,2477.999
2512.0,2513.4443
2560.0,2512.0962
2609.5,2510.2783
2611.0,2508.818
2635.0,2506.4253
2560.0,2518.957
2609.5,2517.6047
2611.0,2515.7695
2635.0,2514.276
2635.0,2511.8608
2609.5,2545.3728
2611.0,2543.9546
2635.0,2542.0356
2635.0,2540.4707
2638.0,2537.948
2611.0,2573.0894
2635.0,2571.6113
2635.0,2569.6104
2638.0,2567.982
2654.0,2565.35
2635.0,2598.8306
2635.0,2597.2842
2638.0,2595.1968
2654.0,2593.4937
2655.5,2590.7617
2635.0,2618.4417
2638.0,2616.8494
2654.0,2614.7036
2655.5,2612.958
2569.0,2610.147
2638.0,2629.4688
2654.0,2627.8486
2655.5,2625.6597
2569.0,2623.879
2530.0,2621.022
2654.0,2639.5908
2655.5,2637.941
2569.0,2635.7163
2530.0,2633.898
2550.5,2631.0034
2655.5,2644.1045
2569.0,2642.446
2530.0,2640.205
2550.5,2638.3691
2645.0,2635.4526
2569.0,2655.2717
2530.0,2653.5957
2550.5,2651.3184
2645.0,2649.439
2566.0,2646.4763
2530.0,2615.4834
2550.5,2613.9072
2645.0,2611.7551
2566.0,2609.9678
2522.0,2607.1648
2550.5,2574.514
2645.0,2573.0454
2566.0,2571.0269
2522.0,2569.3423
2557.5,2566.7024
2645.0,2559.6038
2566.0,2558.1797
2522.0,2556.2139
2557.5,2554.5679
2524.5,2551.9873
2566.0,2603.071
2522.0,2601.5403
2557.5,2599.4355
2524.5,2597.672
2553.0,2594.914
2522.0,2589.9092
2557.5,2588.4194
2524.5,2586.3577
2553.0,2584.6235
2582.5,2581.916
2557.5,2564.0764
2524.5,2562.6428
2553.0,2560.662
2582.5,2559.0007
2609.0,2556.3997
2524.5,2550.5508
2553.0,2549.1467
2582.5,2547.2188
2609.0,2545.6152
2625.0,2543.0742
2553.0,2540.4255
2582.5,2539.049
2609.0,2537.152
2625.0,2535.57
2643.0,2533.0688
2582.5,2555.7192
2609.0,2554.3076
2625.0,2552.3643
2643.0,2550.7476
2600.5,2548.1812
2609.0,2568.042
2625.0,2566.5913
2643.0,2564.5994
2600.5,2562.953
2610.0,2560.3347
2625.0,2593.2654
2643.0,2591.7427
2600.5,2589.6694
2610.0,2587.953
2617.5,2585.2393
2643.0,2605.35
2600.5,2603.8008
2610.0,2601.6946
2617.5,2599.9585
2623.0,2597.1958
2600.5,2629.552
2610.0,2627.948
2617.5,2625.7642
2623.0,2623.9668
2617.5,2621.108
2610.0,2618.733
2617.5,2617.1475
2623.0,2614.9946
2617.5,2613.2236
2613.5,2610.4111
2617.5,2615.3086
2623.0,2613.7275
2617.5,2611.5815
2613.5,2609.8174
2581.0,2607.0166
2623.0,2616.853
2617.5,2615.275
2613.5,2613.1248
2581.0,2611.35
2605.5,2608.542
2617.5,2624.0205
2613.5,2622.423
2581.0,2620.2446
2605.5,2618.439
2549.5,2615.6
2613.5,2621.5713
2581.0,2619.9854
2605.5,2617.817
2549.5,2616.0144
2652.5,2613.1838
2581.0,2618.916
2605.5,2617.3389
2549.5,2615.1785
2652.5,2613.3794
2600.5,2610.5596
2605.5,2601.012
2549.5,2599.4824
2652.5,2597.3835
2600.5,2595.6313
2555.0,2592.8857
2549.5,2603.6953
2652.5,2602.1606
2600.5,2600.0547
2555.0,2598.2988
2530.0,2595.541
2652.5,2578.8252
2600.5,2577.356
2555.0,2575.329
2530.0,2573.6345
2514.0,2570.9756
2600.5,2618.353
2555.0,2616.7773
2530.0,2614.6223
2514.0,2612.828
2504.0,2610.0103
2555.0,2605.185
2530.0,2603.649
2514.0,2601.5378
2504.0,2599.7783
2641.0,2597.013
2530.0,2592.7983
2514.0,2591.2878
2504.0,2589.212
2641.0,2587.477
2563.0,2584.7627
2514.0,2553.4136
2504.0,2552.0022
2641.0,2550.0596
2563.0,2548.4448
2583.5,2545.8896
2504.0,2536.5776
2641.0,2535.2048
2563.0,2533.3098
2583.5,2531.7297
2654.5,2529.2412
2641.0,2522.023
2563.0,2520.688
2583.5,2518.8428
2654.5,2517.3013
2591.0,2514.8694
2563.0,2579.2976
2583.5,2577.8179
2654.5,2575.7861
2591.0,2574.1016
2589.0,2571.434
2583.5,2574.645
2654.5,2573.1792
2591.0,2571.1611
2589.0,2569.4807
2616.0,2566.836
2654.5,2583.8994
2591.0,2582.397
2589.0,2580.3489
2616.0,2578.6545
2590.5,2575.975
2591.0,2607.8103
2589.0,2606.2588
2616.0,2604.147
2590.5,2602.4155
2577.0,2599.6433
2589.0,2609.126
2616.0,2607.5642
2590.5,2605.4375
2577.0,2603.6858
2564.0,2600.9102
2616.0,2604.0938
2590.5,2602.5427
2577.0,2600.4353
2564.0,2598.7026
2572.0,2595.9458
2590.5,2604.9753
2577.0,2603.4211
2564.0,2601.3022
2572.0,2599.564
2564.5,2596.7993
2577.0,2605.0706
2564.0,2603.5144
2572.0,2601.3948
2564.5,2599.6382
2577.0,2596.8784
2564.0,2587.9585
2572.0,2586.4502
2564.5,2584.3882
2577.0,2582.6785
2583.0,2579.9817
2572.0,2579.4812
2564.5,2578.006
2577.0,2575.9724
2583.0,2574.28
2620.5,2571.6162
2564.5,2576.4946
2577.0,2575.0173
2583.0,2572.9927
2620.5,2571.3062
2555.0,2568.6584
2577.0,2567.8486
2583.0,2566.3987
2620.5,2564.4053
2555.0,2562.7449
2556.0,2560.1284
2583.0,2577.9001
2620.5,2576.4307
2555.0,2574.4065
2556.0,2572.7202
2553.0,2570.063
2620.5,2579.993
2555.0,2578.5112
2556.0,2576.4795
2553.0,2574.792
2556.0,2572.1287
2555.0,2600.393
2556.0,2598.8586
2553.0,2596.7622
2556.0,2595.0254
2555.0,2592.2805
2556.0,2580.6309
2553.0,2579.1501
2556.0,2577.1187
2555.0,2575.4336
2567.5,2572.7688
2553.0,2573.0862
2556.0,2571.6177
2555.0,2569.6082
2567.5,2567.945
2543.0,2565.3113
2556.0,2559.0771
2555.0,2557.645
2567.5,2555.6829
2543.0,2554.0605
2497.0,2551.4834
2555.0,2563.069
2567.5,2561.626
2543.0,2559.647
2497.0,2558.0051
2483.5,2555.4104
2567.5,2560.487
2543.0,2559.0544
2497.0,2557.087
2483.5,2555.454
2470.0,2552.868
2543.0,2565.641
2497.0,2564.1924
2483.5,2562.204
2470.0,2560.5557
2483.0,2557.9482
2497.0,2555.5137
2483.5,2554.0898
2470.0,2552.1384
2483.0,2550.5186
2504.0,2547.955
2483.5,2527.6274
2470.0,2526.274
2483.0,2524.4111
2504.0,2522.8672
2541.5,2520.4143
2470.0,2508.1006
2483.0,2506.7969
2504.0,2504.9985
2541.5,2503.5093
2513.0,2501.135
2483.0,2487.9062
2504.0,2486.6458
2541.5,2484.9062
2513.0,2483.4675
2529.5,2481.1724
2504.0,2487.812
2541.5,2486.552
2513.0,2484.813
2529.5,2483.374
2516.5,2481.0771
2541.5,2496.0708
2513.0,2494.7915
2529.5,2493.0273
2516.5,2491.571
2536.0,2489.2402
2513.0,2520.8408
2529.5,2519.497
2516.5,2517.6562
2536.0,2516.1406
2475.0,2513.713
2529.5,2517.731
2516.5,2516.3936
2536.0,2514.565
2475.0,2513.065
2480.0,2510.6519
2516.5,2527.0195
2536.0,2525.6562
2475.0,2523.7993
2480.0,2522.2842
2484.0,2519.8354
2536.0,2521.0156
2475.0,2519.665
2480.0,2517.8267
2484.0,2516.3315
2474.0,2513.9082
2475.0,2532.651
2480.0,2531.2646
2484.0,2529.3823
2474.0,2527.8518
2502.5,2525.3804
2480.0,2504.61
2484.0,2503.296
2474.0,2501.5005
2502.5,2500.038
2560.5,2497.6772
2484.0,2496.893
2474.0,2495.595
2502.5,2493.8213
2560.5,2492.3733
2573.0,2490.043
2474.0,2486.2388
2502.5,2484.9714
2560.5,2483.2378
2573.0,2481.8196
2554.5,2479.5327
2502.5,2484.537
2560.5,2483.2773
2573.0,2481.5479
2554.5,2480.127
2562.0,2477.8452
2560.5,2495.625
2573.0,2494.3423
2554.5,2492.5835
2562.0,2491.1406
2628.0,2488.8145
2573.0,2527.1782
2554.5,2525.8132
2562.0,2523.9521
2628.0,2522.4321
2658.5,2519.9797
2554.5,2553.6445
2562.0,2552.2134
2628.0,2550.27
2658.5,2548.683
2675.0,2546.128
2562.0,2556.7305
2628.0,2555.2896
2658.5,2553.3354
2675.0,2551.7456
2635.5,2549.1777
2628.0,2561.4116
2658.5,2559.957
2675.0,2557.9863
2635.5,2556.3877
2611.0,2553.8032
2658.5,2593.424
2675.0,2591.8843
2635.5,2589.81
2611.0,2588.1274
2605.5,2585.4158
2675.0,2628.391
2635.5,2626.77
2611.0,2624.5818
2605.5,2622.7988
2640.0,2619.9443
2635.5,2657.9375
2611.0,2656.2441
2605.5,2653.9565
2640.0,2652.087
2616.5,2649.112
2611.0,2647.1323
2605.5,2645.465
2640.0,2643.2097
2616.5,2641.3623
2572.0,2638.433
2605.5,2629.3323
2640.0,2627.7104
2616.5,2625.513
2572.0,2623.7056
2590.5,2620.8496
2640.0,2615.601
2616.5,2614.0234
2572.0,2611.8738
2590.5,2610.0981
2617.0,2607.295
2616.5,2630.6304
2572.0,2629.02
2590.5,2626.8186
2617.0,2624.9917
2598.0,2622.1243
2572.0,2625.8972
2590.5,2624.3018
2617.0,2622.1128
2598.0,2620.2866
2584.0,2617.4363
2590.5,2600.4297
2617.0,2598.8965
2598.0,2596.7856
2584.0,2595.0195
2634.0,2592.2703
2617.0,2590.596
2598.0,2589.0898
2584.0,2587.0168
2634.0,2585.2837
2610.0,2582.5757
2598.0,2600.478
2584.0,2598.9512
2634.0,2596.8499
2610.0,2595.0942
2638.0,2592.3464
2584.0,2603.7007
2634.0,2602.1685
2610.0,2600.0571
2638.0,2598.2917
2639.5,2595.5298
2634.0,2594.836
2610.0,2593.3198
2638.0,2591.232
2639.5,2589.4932
2640.0,2586.7656
2610.0,2611.0625
2638.0,2609.4998
2639.5,2607.3613
2640.0,2605.5864
2647.0,2602.7969
2638.0,2608.9292
2639.5,2607.374
2640.0,2605.2446
2647.0,2603.4753
2628.5,2600.6956
2639.5,2629.008
2640.0,2627.4072
2647.0,2625.2175
2628.5,2623.3994
2627.0,2620.5383
2640.0,2632.609
2647.0,2630.998
2628.5,2628.796
2627.0,2626.972
2662.0,2624.0972
2647.0,2640.0176
2628.5,2638.3818
2627.0,2636.1519
2662.0,2634.3018
2660.0,2631.3994
2628.5,2641.1206
2627.0,2639.4863
2662.0,2637.2568
2660.0,2635.4082
2661.0,2632.5005
2627.0,2637.6099
2662.0,2635.9868
2660.0,2633.7651
2661.0,2631.919
2709.5,2629.024
2662.0,2634.7827
2660.0,2633.165
2661.0,2630.9536
2709.5,2629.1123
2720.0,2626.2305
2660.0,2645.1226
2661.0,2643.48
2709.5,2641.2354
2720.0,2639.3677
2702.0,2636.4424
2661.0,2655.7124
2709.5,2654.0493
2720.0,2651.7715
2702.0,2649.8696
2673.0,2646.9019
2709.5,2659.9756
2720.0,2658.2993
2702.0,2656.0066
2673.0,2654.0935
2669.0,2651.1084
2720.0,2682.2822
2702.0,2680.5518
2673.0,2678.189
2669.0,2676.2222
2670.5,2673.1482
2702.0,2701.5513
2673.0,2699.773
2669.0,2697.3486
2670.5,2695.329
2655.0,2692.1794
2673.0,2705.2124
2669.0,2703.4263
2670.5,2700.9895
2655.0,2698.9583
2637.5,2695.7935
2669.0,2689.7485
2670.5,2688.0017
2655.0,2685.6133
2637.5,2683.6216
2624.0,2680.519
2670.5,2679.255
2655.0,2677.5312
2637.5,2675.1738
2624.0,2673.2036
2634.0,2670.144
2655.0,2673.2212
2637.5,2671.5166
2624.0,2669.1797
2634.0,2667.22
2653.0,2664.1826
2637.5,2666.731
2624.0,2665.0488
2634.0,2662.731
2653.0,2660.7798
2709.0,2657.7651
2624.0,2653.3809
2634.0,2651.7314
2653.0,2649.4556
2709.0,2647.536
2693.0,2644.5745
2634.0,2636.0005
2653.0,2634.3933
2709.0,2632.1746
2693.0,2630.3018
2716.0,2627.411
2653.0,2634.0942
2709.0,2632.496
2693.0,2630.2888
2716.0,2628.4253
2725.0,2625.5425
2709.0,2643.5068
2693.0,2641.8867
2716.0,2639.6511
2725.0,2637.768
2737.0,2634.847
2693.0,2677.4614
2716.0,2675.754
2725.0,2673.4092
2737.0,2671.4429
2694.0,2668.386
2716.0,2685.8066
2725.0,2684.0752
2737.0,2681.7031
2694.0,2679.7175
2713.0,2676.629
2725.0,2702.8865
2737.0,2701.1072
2694.0,2698.6794
2713.0,2696.6543
2715.0,2693.4985
2737.0,2710.2212
2694.0,2708.4238
2713.0,2705.9749
2715.0,2703.9365
2681.0,2700.7532
2694.0,2727.0723
2713.0,2725.2305
2715.0,2722.7227
2681.0,2720.6338
2687.0,2717.3828
2713.0,2711.7441
2715.0,2709.9434
2681.0,2707.4834
2687.0,2705.43
2685.5,2702.2393
2715.0,2713.8203
2681.0,2712.0117
2687.0,2709.54
2685.5,2707.4739
2652.0,2704.2734
2681.0,2711.1086
2687.0,2709.311
2685.5,2706.851
2652.0,2704.7866
2640.5,2701.598
2687.0,2698.7935
2685.5,2697.0308
2652.0,2694.6084
2640.5,2692.5657
2608.0,2689.4238
2685.5,2693.3818
2652.0,2691.639
2640.5,2689.2383
2608.0,2687.2122
2600.0,2684.0916
2652.0,2686.5269
2640.5,2684.7988
2608.0,2682.4185
2600.0,2680.4087
2557.0,2677.3154
2640.5,2671.9077
2608.0,2670.2192
2600.0,2667.8887
2557.0,2665.9146
2559.0,2662.8813
2608.0,2655.4294
2600.0,2653.7837
2557.0,2651.5073
2559.0,2649.582
2518.5,2646.6128
2600.0,2632.9595
2557.0,2631.3699
2559.0,2629.166
2518.5,2627.2993
2499.0,2624.4214
2557.0,2617.2334
2559.0,2615.6782
2518.5,2613.5254
2499.0,2611.7021
2480.0,2608.8877
2559.0,2586.8936
2518.5,2585.4185
2499.0,2583.366
2480.0,2581.6255
2436.5,2578.9312
2518.5,2576.9785
2499.0,2575.526
2480.0,2573.5054
2436.5,2571.7935
2355.5,2569.1394
2499.0,2546.3655
2480.0,2544.9868
2436.5,2543.0671
2355.5,2541.4424
2350.0,2538.9119
2480.0,2527.3325
2436.5,2525.9995
2355.5,2524.1416
2350.0,2522.5706
2366.0,2520.1167
2436.5,2503.9734
2355.5,2502.6982
2350.0,2500.9204
2366.0,2499.4224
2285.0,2497.063
2355.5,2474.4614
2350.0,2473.255
2366.0,2471.5698
2285.0,2470.1519
2343.5,2467.9111
2350.0,2419.3667
2366.0,2418.295
2285.0,2416.7883
2343.5,2415.521
2364.0,2413.502
2366.0,2384.3188
2285.0,2383.3257
2343.5,2381.9277
2364.0,2380.761
2355.5,2378.8801
2285.0,2373.4907
2343.5,2372.52
2364.0,2371.1558
2355.5,2370.0247
2333.5,2368.1863
2343.5,2331.3477
2364.0,2330.4714
2355.5,2329.2314
2333.5,2328.2085
2332.5,2326.5342
2364.0,2339.5156
2355.5,2338.6143
2333.5,2337.3545
2332.5,2336.331
2327.5,2334.6257
2355.5,2346.1028
2333.5,2345.1812
2332.5,2343.905
2327.5,2342.8813
2355.5,2341.153
2333.5,2361.664
2332.5,2360.7
2327.5,2359.3784
2355.5,2358.3206
2384.0,2356.5344
2332.5,2348.3062
2327.5,2347.3726
2355.5,2346.0967
2384.0,2345.0942
2410.0,2343.361
2327.5,2345.457
2355.5,2344.519
2384.0,2343.2456
2410.0,2342.254
2412.0,2340.5352
2355.5,2337.789
2384.0,2336.8623
2410.0,2335.6143
2412.0,2334.6472
2400.0,2332.962
2384.0,2350.4978
2410.0,2349.5432
2412.0,2348.2544
2400.0,2347.2551
2430.0,2345.5146
2410.0,2375.1848
2412.0,2374.1724
2400.0,2372.8066
2430.0,2371.7415
2405.0,2369.9033
2412.0,2396.2996
2400.0,2395.227
2430.0,2393.7915
2405.0,2392.671
2377.5,2390.7495
2400.0,2408.0698
2430.0,2406.9731
2405.0,2405.504
2377.5,2404.3555
2401.5,2402.3887
2430.0,2409.6194
2405.0,2408.5195
2377.5,2407.0454
2401.5,2405.8938
2404.0,2403.9219
2405.0,2423.9727
2377.5,2422.8364
2401.5,2421.317
2404.0,2420.1294
2363.5,2418.101
2377.5,2418.559
2401.5,2417.4365
2404.0,2415.9297
2363.5,2414.7478
2363.5,2412.7393
2401.5,2406.0073
2404.0,2404.9153
2363.5,2403.443
2363.5,2402.2832
2401.0,2400.3228
2404.0,2403.3608
2363.5,2402.2756
2363.5,2400.8115
2401.0,2399.6577
2468.5,2397.7065
2363.5,2406.9312
2363.5,2405.8423
2401.0,2404.3682
2468.5,2403.1968
2470.0,2401.2314
2363.5,2391.7974
2401.0,2390.7515
2468.5,2389.328
2470.0,2388.192
2530.0,2386.2861
2401.0,2380.3047
2468.5,2379.288
2470.0,2377.9014
2530.0,2376.7993
2480.5,2374.9385
2468.5,2392.0342
2470.0,2390.9878
2530.0,2389.567
2480.5,2388.4373
2473.5,2386.5322
2470.0,2433.643
2530.0,2432.4946
2480.5,2430.9446
2473.5,2429.71
2450.5,2427.6382
2530.0,2458.559
2480.5,2457.3535
2473.5,2455.7236
2450.5,2454.4248
2458.5,2452.252
2480.5,2501.0098
2473.5,2499.6904
2450.5,2497.9224
2458.5,2496.518
2460.5,2494.178
2473.5,2490.5347
2450.5,2489.239
2458.5,2487.5044
2460.5,2486.1284
2445.5,2483.834
2450.5,2491.0188
2458.5,2489.7214
2460.5,2487.9832
2445.5,2486.601
2437.0,2484.3052
2458.5,2471.0293
2460.5,2469.7874
2445.5,2468.1138
2437.0,2466.7822
2470.5,2464.564
2460.5,2472.8948
2445.5,2471.645
2437.0,2469.956
2470.5,2468.6
2479.0,2466.3716
2445.5,2468.5166
2437.0,2467.284
2470.5,2465.6123
2479.0,2464.2607
2468.0,2462.0479
2437.0,2460.9302
2470.5,2459.7212
2479.0,2458.0698
2468.0,2456.728
2445.0,2454.5425
2470.5,2452.977
2479.0,2451.793
2468.0,2450.1748
2445.0,2448.8552
2451.0,2446.7046
2479.0,2460.2427
2468.0,2459.04
2445.0,2457.4
2451.0,2456.0679
2446.0,2453.8872
2468.0,2474.6426
2445.0,2473.41
2451.0,2471.7273
2446.0,2470.3596
2473.0,2468.122
2445.0,2476.7422
2451.0,2475.4985
2446.0,2473.8052
2473.0,2472.4336
2472.5,2470.187
2451.0,2463.767
2446.0,2462.5527
2473.0,2460.899
2472.5,2459.5637
2431.5,2457.37
2446.0,2458.8428
2473.0,2457.636
2472.5,2455.9966
2431.5,2454.6748
2468.5,2452.502
2473.0,2454.541
2472.5,2453.3481
2431.5,2451.7246
2468.5,2450.4136
2482.0,2448.2568
2472.5,2469.4849
2431.5,2468.2573
2468.5,2466.5857
2482.0,2465.2336
2511.5,2463.0156
2431.5,2474.1958
2468.5,2472.956
2482.0,2471.269
2511.5,2469.9038
2510.0,2467.667
2468.5,2458.0044
2482.0,2456.8032
2511.5,2455.167
2510.0,2453.8408
2485.0,2451.6704
2482.0,2464.411
2511.5,2463.195
2510.0,2461.5435
2485.0,2460.209
2508.5,2458.0137
2511.5,2473.9473
2510.0,2472.7097
2485.0,2471.0273
2508.5,2469.668
2530.0,2467.434
2510.0,2500.957
2485.0,2499.651
2508.5,2497.8804
2530.0,2496.447
2545.5,2494.1047
2485.0,2506.7783
2508.5,2505.457
2530.0,2503.6663
2545.5,2502.2205
2525.5,2499.8535
2508.5,2501.7002
2530.0,2500.3884
2545.5,2498.6104
2525.5,2497.1729
2529.0,2494.8286
2530.0,2504.9644
2545.5,2503.6436
2525.5,2501.8594
2529.0,2500.4182
2599.0,2498.0625
2545.5,2518.7014
2525.5,2517.3513
2529.0,2515.5215
2599.0,2514.041
2572.5,2511.6274
2525.5,2539.7148
2529.0,2538.3132
2599.0,2536.4138
2572.5,2534.8708
2555.5,2532.3726
2529.0,2534.2373
2599.0,2532.8472
2572.5,2530.9614
2555.5,2529.4292
2573.5,2526.9517
2599.0,2534.8354
2572.5,2533.445
2555.5,2531.5586
2573.5,2530.0222
2583.0,2527.544
2572.5,2564.877
2555.5,2563.4136
2573.5,2561.435
2583.0,2559.8242
2593.0,2557.226
2555.5,2572.7324
2573.5,2571.2563
2583.0,2569.2507
2593.0,2567.6108
2604.0,2564.979
2573.5,2572.937
2583.0,2571.459
2593.0,2569.4502
2604.0,2567.805
2602.0,2565.1729
2583.0,2569.5693
2593.0,2568.0974
2604.0,2566.1
2602.0,2564.4683
2604.0,2561.8506
2593.0,2579.1172
2604.0,2577.624
2602.0,2575.5967
2604.0,2573.9314
2587.0,2571.2766
2604.0,2589.6636
2602.0,2588.151
2604.0,2586.0928
2587.0,2584.398
2566.0,2581.6982
2602.0,2600.0881
2604.0,2598.5518
2587.0,2596.456
2566.0,2594.73
2587.0,2591.9866
2604.0,2603.9087
2587.0,2602.359
2566.0,2600.25
2587.0,2598.5098
2580.0,2595.754
2587.0,2603.1328
2566.0,2601.5862
2587.0,2599.4814
2580.0,2597.744
2609.0,2594.9912
2566.0,2598.4504
2587.0,2596.9233
2580.0,2594.8354
2609.0,2593.108
2591.5,2590.373
2587.0,2585.893
2580.0,2584.3945
2609.0,2582.3442
2591.5,2580.645
2586.0,2577.9604
2580.0,2586.2678
2609.0,2584.7673
2591.5,2582.7153
2586.0,2581.0142
2594.0,2578.3271
2609.0,2584.3516
2591.5,2582.8591
2586.0,2580.8125
2594.0,2579.1116
2568.0,2576.4307
2591.5,2600.1716
2586.0,2598.6406
2594.0,2596.5447
2568.0,2594.8022
2557.0,2592.0576
2586.0,2595.1968
2594.0,2593.6797
2568.0,2591.6
2557.0,2589.873
2591.5,2587.1484
2594.0,2594.7974
2568.0,2593.279
2557.0,2591.2002
2591.5,2589.4731
2649.0,2586.752
2568.0,2592.1523
2557.0,2590.6406
2591.5,2588.5728
2649.0,2586.8596
2638.5,2584.1494
2557.0,2583.3208
2591.5,2581.831
2649.0,2579.7878
2638.5,2578.0925
2645.0,2575.4165
2591.5,2573.6252
2649.0,2572.1582
2638.5,2570.1465
2645.0,2568.476
2646.5,2565.839
2649.0,2580.6606
2638.5,2579.1748
2645.0,2577.1396
2646.5,2575.4526
2657.0,2572.7861
2638.5,2616.622
2645.0,2615.0488
2646.5,2612.9014
2657.0,2611.1196
2632.5,2608.31
2645.0,2630.025
2646.5,2628.42
2657.0,2626.2292
2632.5,2624.4124
2609.0,2621.5486
2646.5,2641.8105
2657.0,2640.1753
2632.5,2637.947
2609.0,2636.1035
2611.0,2633.1938
2657.0,2642.0303
2632.5,2640.3906
2609.0,2638.1624
2611.0,2636.323
2580.0,2633.4155
2632.5,2651.6396
2609.0,2649.9756
2611.0,2647.7148
2580.0,2645.8462
2545.0,2642.9004
2609.0,2645.1118
2611.0,2643.4697
2580.0,2641.2288
2545.0,2639.372
2575.0,2636.4497
2611.0,2631.4854
2580.0,2629.875
2545.0,2627.6719
2575.0,2625.8406
2568.0,2622.9714
2580.0,2620.0122
2545.0,2618.4302
2575.0,2616.2651
2568.0,2614.4597
2589.5,2611.6372
2545.0,2599.548
2575.0,2598.023
2568.0,2595.9236
2589.5,2594.1646
2617.0,2591.4219
2575.0,2576.3726
2568.0,2574.9111
2589.5,2572.8887
2617.0,2571.1877
2609.0,2568.5369
2568.0,2573.731
2589.5,2572.2744
2617.0,2570.2612
2609.0,2568.5728
2586.5,2565.9316
2589.5,2570.9688
2617.0,2569.52
2609.0,2567.517
2586.5,2565.836
2605.0,2563.2065
2617.0,2583.5913
2609.0,2582.1099
2586.5,2580.0693
2605.0,2578.3606
2626.0,2575.6807
2609.0,2598.9941
2586.5,2597.4746
2605.0,2595.3867
2626.0,2593.649
2608.5,2590.9077
2586.5,2607.7937
2605.0,2606.246
2626.0,2604.1284
2608.5,2602.3691
2600.0,2599.596
2605.0,2598.6938
2626.0,2597.166
2608.5,2595.079
2600.0,2593.3503
2586.5,2590.6152
2626.0,2602.7236
2608.5,2601.1846
2600.0,2599.0835
2586.5,2597.3477
2572.5,2594.5957
2608.5,2616.399
2600.0,2614.824
2586.5,2612.6775
2572.5,2610.9028
2567.0,2608.0967
2600.0,2615.4495
2586.5,2613.8762
2572.5,2611.7288
2567.0,2609.95
2570.5,2607.145
2586.5,2611.041
2572.5,2609.4814
2567.0,2607.3481
2570.5,2605.5781
2589.0,2602.791
2572.5,2597.9473
2567.0,2596.419
2570.5,2594.3271
2589.0,2592.59
2611.5,2589.8564
2567.0,2586.5884
2570.5,2585.0908
2589.0,2583.0378
2611.5,2581.328
2618.0,2578.64
2570.5,2578.3633
2589.0,2576.891
2611.5,2574.8657
2618.0,2573.1775
2615.0,2570.5205
2589.0,2576.9043
2611.5,2575.4346
2618.0,2573.412
2615.0,2571.7256
2621.0,2569.0737
2611.5,2583.4539
2618.0,2581.9653
2615.0,2579.9224
2621.0,2578.2202
2612.5,2575.5422
2618.0,2597.776
2615.0,2596.2534
2621.0,2594.1667
2612.5,2592.4312
2615.0,2589.6958
2615.0,2610.6494
2621.0,2609.0957
2612.5,2606.9692
2615.0,2605.2036
2617.0,2602.418
2621.0,2614.8147
2612.5,2613.247
2615.0,2611.1074
2617.0,2609.3347
2606.0,2606.5342
2612.5,2619.2666
2615.0,2617.686
2617.0,2615.5317
2606.0,2613.751
2616.0,2610.933
2615.0,2617.9138
2617.0,2616.336
2606.0,2614.1846
2616.0,2612.4048
2613.5,2609.5928
2617.0,2619.372
2606.0,2617.7905
2616.0,2615.6323
2613.5,2613.8447
2621.0,2611.026
2606.0,2619.3994
2616.0,2617.8188
2613.5,2615.6592
2621.0,2613.868
2623.5,2611.0479
2616.0,2615.084
2613.5,2613.5151
2621.0,2611.3687
2623.5,2609.5833
2656.0,2606.7803
2613.5,2616.3457
2621.0,2614.776
2623.5,2612.6272
2656.0,2610.8384
2707.0,2608.0303
2621.0,2615.5864
2623.5,2614.0212
2656.0,2611.8757
2707.0,2610.088
2693.5,2607.2822
2623.5,2621.064
2656.0,2619.4849
2707.0,2617.3223
2693.5,2615.5198
2736.5,2612.6924
2656.0,2622.4248
2707.0,2620.843
2693.5,2618.6763
2736.5,2616.8723
2691.0,2614.039
2707.0,2640.9497
2693.5,2639.3206
2736.5,2637.094
2691.0,2635.2417
2693.0,2632.3347
2693.5,2673.129
2736.5,2671.4185
2691.0,2669.0894
2693.0,2667.1558
2689.5,2664.12
2736.5,2686.073
2691.0,2684.331
2693.0,2681.9575
2689.5,2679.9863
2667.0,2676.899
2691.0,2713.421
2693.0,2711.6074
2689.5,2709.1458
2667.0,2707.106
2646.0,2703.9097
2693.0,2699.7954
2689.5,2698.0173
2667.0,2695.5977
2646.0,2693.5898
2623.0,2690.4492
2689.5,2701.9849
2667.0,2700.2004
2646.0,2697.7715
2623.0,2695.7495
2661.5,2692.6006
2667.0,2691.196
2646.0,2689.444
2623.0,2687.0508
2661.5,2685.0562
2642.5,2681.9478
2646.0,2684.427
2623.0,2682.6938
2661.5,2680.316
2642.5,2678.3213
2672.0,2675.2383
2623.0,2665.0503
2661.5,2663.3694
2642.5,2661.0576
2672.0,2659.1108
2668.5,2656.105
2661.5,2642.6523
2642.5,2641.031
2672.0,2638.7905
2668.5,2636.898
2683.5,2633.98
2642.5,2652.7893
2672.0,2651.146
2668.5,2648.8794
2683.5,2646.9626
2700.0,2644.0059
2672.0,2645.1128
2668.5,2643.4907
2683.5,2641.249
2700.0,2639.3545
2703.0,2636.4268
2668.5,2664.1335
2683.5,2662.4639
2700.0,2660.1624
2703.0,2658.2217
2713.0,2655.2183
2683.5,2662.1562
2700.0,2660.4868
2703.0,2658.1924
2713.0,2656.2666
2713.5,2653.2727
2700.0,2676.002
2703.0,2674.294
2713.0,2671.9536
2713.5,2669.993
2750.5,2666.945
2703.0,2686.3252
2713.0,2684.5918
2713.5,2682.222
2750.5,2680.2424
2786.5,2677.1538
2713.0,2697.1455
2713.5,2695.382
2750.5,2692.9712
2786.5,2690.9595
2799.5,2687.8262
2713.5,2706.6514
2750.5,2704.8618
2786.5,2702.421
2799.5,2700.3838
2774.0,2697.214
2750.5,2708.3066
2786.5,2706.5117
2799.5,2704.062
2774.0,2702.018
2734.0,2698.8403
2786.5,2730.9858
2799.5,2729.1372
2774.0,2726.6162
2734.0,2724.5093
2752.5,2721.2412
2799.5,2755.9668
2774.0,2754.0562
2734.0,2751.4534
2752.5,2749.2795
2775.0,2745.9102
2774.0,2780.0874
2734.0,2778.1194
2752.5,2775.4375
2775.0,2773.1938
2789.5,2769.7273
2734.0,2777.0112
2752.5,2775.0508
2775.0,2772.3777
2789.5,2770.1392
2773.0,2766.686
2752.5,2755.0786
2775.0,2753.1743
2789.5,2750.5703
2773.0,2748.3843
2781.0,2745.0198
2775.0,2751.5298
2789.5,2749.6367
2773.0,2747.046
2781.0,2744.8662
2818.0,2741.5156
2789.5,2760.992
2773.0,2759.0806
2781.0,2756.458
2818.0,2754.245
2845.0,2750.853
2773.0,2777.9888
2781.0,2776.0383
2818.0,2773.3584
2845.0,2771.0913
2853.0,2767.6287
2781.0,2773.8982
2818.0,2771.9587
2845.0,2769.292
2853.0,2767.0334
2879.0,2763.5874
2818.0,2774.94
2845.0,2772.9978
2853.0,2770.33
2879.0,2768.0713
2859.0,2764.6235
2845.0,2791.5542
2853.0,2789.5735
2879.0,2786.8574
2859.0,2784.5615
2891.5,2781.0483
2853.0,2818.1362
2879.0,2816.0918
2859.0,2813.2886
2891.5,2810.9219
2826.0,2807.3003
2879.0,2837.1904
2859.0,2835.0957
2891.5,2832.228
2826.0,2829.8088
2885.0,2826.1108
2859.0,2854.903
2891.5,2852.7585
2826.0,2849.8306
2885.0,2847.3643
2903.0,2843.596
2891.5,2853.9917
2826.0,2851.8518
2885.0,2848.927
2903.0,2846.4585
2853.0,2842.6956
2826.0,2871.2432
2885.0,2869.062
2903.0,2866.082
2853.0,2863.566
2838.5,2859.733
2885.0,2846.3486
2903.0,2844.2363
2853.0,2841.3345
2838.5,2838.8748
2861.5,2835.1401
2903.0,2866.7104
2853.0,2864.5427
2838.5,2861.572
2861.5,2859.0518
2841.0,2855.2344
2853.0,2874.2627
2838.5,2872.0835
2861.5,2869.0913
2841.0,2866.55
2867.5,2862.7012
2838.5,2869.3662
2861.5,2867.2021
2841.0,2864.2212
2867.5,2861.6748
2841.0,2857.8447
2861.5,2849.3516
2841.0,2847.2412
2867.5,2844.3308
2841.0,2841.8452
2856.0,2838.0962
2841.0,2847.7686
2867.5,2845.6606
2841.0,2842.753
2856.0,2840.271
2876.0,2836.5278
2867.5,2844.58
2841.0,2842.4849
2856.0,2839.5918
2876.0,2837.1128
2832.5,2833.3845
2841.0,2853.0234
2856.0,2850.9077
2876.0,2847.985
2832.5,2845.487
2798.0,2841.7197
2856.0,2845.6301
2876.0,2843.5352
2832.5,2840.6362
2798.0,2838.1553
2749.5,2834.4194
2876.0,2847.9253
2832.5,2845.8145
2798.0,2842.9067
2749.5,2840.421
2781.0,2836.6782
2832.5,2854.1265
2798.0,2852.008
2749.5,2849.087
2781.0,2846.5942
2778.5,2842.8257
2798.0,2846.1904
2749.5,2844.0928
2781.0,2841.1934
2778.5,2838.7148
2765.5,2834.9778
2749.5,2821.2625
2781.0,2819.2217
2778.5,2816.4026
2765.5,2813.9922
2776.5,2810.3567
2781.0,2779.871
2778.5,2777.9336
2765.5,2775.2456
2776.5,2772.9434
2787.0,2769.473
2778.5,2779.6099
2765.5,2777.674
2776.5,2774.9905
2787.0,2772.6873
2822.5,2769.2185
2765.5,2773.6816
2776.5,2771.7642
2787.0,2769.1006
2822.5,2766.814
2804.0,2763.3652
2776.5,2773.9197
2787.0,2772.002
2822.5,2769.336
2804.0,2767.046
2826.0,2763.5957
2787.0,2769.6724
2822.5,2767.76
2804.0,2765.1118
2826.0,2762.8455
2860.0,2759.415
2822.5,2774.0073
2804.0,2772.082
2826.0,2769.4214
2860.0,2767.1514
2858.5,2763.7053
2804.0,2797.7097
2826.0,2795.7256
2860.0,2792.9932
2858.5,2790.6704
2854.0,2787.1309
2826.0,2799.7817
2860.0,2797.789
2858.5,2795.0454
2854.0,2792.7202
2854.0,2789.171
2860.0,2814.726
2858.5,2812.688
2854.0,2809.8933
2854.0,2807.5298
2865.0,2803.9226
2858.5,2829.8882
2854.0,2827.8086
2854.0,2824.9648
2865.0,2822.566
2867.5,2818.899
2854.0,2845.2769
2854.0,2843.1626
2865.0,2840.2676
2867.5,2837.821
2832.0,2834.0913
2854.0,2849.5059
2865.0,2847.3813
2867.5,2844.4724
2832.0,2842.0137
2836.5,2838.2666
2865.0,2848.1797
2867.5,2846.0571
2832.0,2843.149
2836.5,2840.69
2864.0,2836.9478
2867.5,2854.4692
2832.0,2852.3323
2836.5,2849.4048
2864.0,2846.9233
2845.5,2843.1575
2832.0,2857.6318
2836.5,2855.4917
2864.0,2852.5537
2845.5,2850.06
2841.0,2846.2786
2836.5,2845.7334
2864.0,2843.628
2845.5,2840.7266
2841.0,2838.2559
2833.5,2834.5215
2864.0,2838.07
2845.5,2835.981
2841.0,2833.1045
2833.5,2830.652
2851.5,2826.9492
2845.5,2844.4258
2841.0,2842.3242
2833.5,2839.4297
2851.5,2836.9614
2852.5,2833.2324
2841.0,2845.1543
2833.5,2843.0562
2851.5,2840.1597
2852.5,2837.684
2896.0,2833.9512
2833.5,2842.2473
2851.5,2840.1558
2852.5,2837.2688
2896.0,2834.8027
2898.5,2831.0806
2851.5,2832.9736
2852.5,2830.9036
2896.0,2828.0461
2898.5,2825.6064
2916.0,2821.9229
2852.5,2839.5757
2896.0,2837.4875
2898.5,2834.6104
2916.0,2832.154
2932.0,2828.4456
2896.0,2842.436
2898.5,2840.3447
2916.0,2837.46
2932.0,2834.9985
2913.5,2831.2769
2898.5,2868.9421
2916.0,2866.7825
2932.0,2863.8103
2913.5,2861.2798
2945.0,2857.451
2916.0,2879.085
2932.0,2876.897
2913.5,2873.8914
2945.0,2871.335
2968.0,2867.4673
2932.0,2895.9165
2913.5,2893.6843
2945.0,2890.6235
2968.0,2888.023
2986.0,2884.088
2913.5,2909.023
2945.0,2906.7612
2968.0,2903.661
2986.0,2901.03
3022.5,2897.0437
2945.0,2910.1033
2968.0,2907.8367
2986.0,2904.728
3022.5,2902.088
3093.0,2898.097
2968.0,2924.622
2986.0,2922.3193
3022.5,2919.1646
3093.0,2916.4854
3092.0,2912.4363
2986.0,2940.0503
3022.5,2937.711
3093.0,2934.5034
3092.0,2931.7778
3081.0,2927.665
3022.5,2962.8608
3093.0,2960.4663
3092.0,2957.184
3081.0,2954.3896
3180.0,2950.1855
3093.0,2985.9602
3092.0,2983.5095
3081.0,2980.1533
3180.0,2977.2986
3185.5,2973.0002
3092.0,3033.9912
3081.0,3031.4229
3180.0,3027.9116
3185.5,3024.9282
3194.0,3020.438
3081.0,3058.5422
3180.0,3055.9143
3185.5,3052.3237
3194.0,3049.2705
3221.0,3044.6829
3180.0,3067.4243
3185.5,3064.7754
3194.0,3061.1533
3221.0,3058.0713
3174.0,3053.4475
